term,language,standard_term
lohe ka pipe,hinglish,mild steel galvanized iron tube
gi pipe,hinglish,galvanized iron mild steel tube
jal aapurti,hinglish,potable water supply
peene ka paani,hinglish,potable water supply
kheti sinchai,hinglish,agriculture irrigation water supply
plastic pipe,hinglish,unplasticized polyvinyl chloride uPVC pipe
kaala pipe,hinglish,high density polyethylene HDPE pipe
dhala loha pipe,hinglish,centrifugally cast ductile iron pressure pipe
bijli switch mcb,hinglish,miniature circuit breaker overcurrent protection
led lattu,hinglish,self-ballasted LED lamp general lighting
cement ka block,hinglish,hollow and solid precast concrete masonry block
pakki mitti ki lal eent,hinglish,common burnt clay building brick
eent,hinglish,common burnt clay building brick
deewar chinai,hinglish,building wall masonry construction
lohe ka rang,hinglish,synthetic enamel finishing paint
farsh ki tile,hinglish,pressed ceramic vitrified floor tile
पेयजल,hi,potable water supply
लोहे का पाइप,hi,mild steel galvanized iron tube
सिंचाई,hi,agriculture irrigation
ईंट,hi,common burnt clay building brick
बिजली ब्रेकर,hi,miniature circuit breaker MCB
एलईडी बल्ब,hi,self-ballasted LED lamp
सीमेंट,hi,ordinary portland cement OPC
टाइल्स,hi,pressed ceramic floor and wall tiles
