rule_id,applies_to,scheme,legal_basis,effective_from,source_url,verified_on,notes,data_provenance
CERT-001,IS:SYN IS 90101,BIS_Product_Certification,Steel Tubes Tubulars and Other Wrought Steel Fittings (Quality Control) Order 2020,2021-03-01,https://synth.bis.gov.in/qco/steel-tubes-2020,2023-01-10,Planted STALE verification date (>180 days old) for GI/MS steel tubes; ISI Mark mandatory.,SYNTHETIC
CERT-002,IS:SYN IS 90102,BIS_Product_Certification,Drinking Water Supply uPVC Pipes (Quality Control) Order 2022,2022-09-15,https://synth.bis.gov.in/qco/upvc-pipes-2022,2026-08-15,Mandatory ISI Mark under BIS Scheme-I for potable water uPVC pipes.,SYNTHETIC
CERT-003,IS:SYN IS 90103,BIS_Product_Certification,Polyethylene Pipes for Water Supply (Quality Control) Order 2023,2023-04-01,https://synth.bis.gov.in/qco/hdpe-pipes-2023,2026-08-20,Mandatory ISI Mark for PE 80 and PE 100 water supply HDPE pipes.,SYNTHETIC
CERT-004,IS:SYN IS 90104,BIS_Product_Certification,Ductile Iron Pressure Pipes (Quality Control) Order 2021,2021-11-01,https://synth.bis.gov.in/qco/di-pipes-2021,2026-07-30,Mandatory BIS license required for K7 and K9 centrifugally cast DI pipes.,SYNTHETIC
CERT-005,IS:SYN IS 90201,BIS_Product_Certification,Electrical Accessories (Quality Control) Order 2023,2023-06-01,https://synth.bis.gov.in/qco/electrical-mcb-2023,2026-09-01,Covers both Part 1 (AC) and Part 2 (AC/DC) miniature circuit breakers under mandatory ISI Mark.,SYNTHETIC
CERT-006,IS:SYN IS 90301,CRS,Electronics and IT Goods (Requirement for Compulsory Registration) Order 2021,2021-07-01,https://synth.bis.gov.in/crs/led-lamps-2021,2026-09-10,Mandatory BIS Compulsory Registration Scheme (CRS) self-declaration mark for self-ballasted LED lamps.,SYNTHETIC
CERT-007,IS:SYN IS 90402,None,Voluntary BIS Standard Listing — Common Burnt Clay Bricks Advisory 2019,2019-01-01,https://synth.bis.gov.in/voluntary/clay-bricks-2019,2026-08-05,Planted EXPLICIT None scheme for common burnt clay building bricks (voluntary conformity; not under mandatory QCO).,SYNTHETIC
CERT-008,IS:SYN IS 90501,BIS_Product_Certification,Synthetic Enamel Paints (Quality Control) Draft Order 2027,2027-06-01,https://synth.bis.gov.in/qco/enamel-paints-2027,2026-09-15,Planted FUTURE-DATED rule (effective_from 2027-06-01 > today); must be ignored by engine with visible notice.,SYNTHETIC
CERT-009,ICS:91.100.23,BIS_Product_Certification,Ceramic and Vitrified Tiles (Quality Control) Order 2023 (Sectoral ICS Rule),2023-08-01,https://synth.bis.gov.in/qco/ceramic-tiles-ics-2023,2026-09-05,Planted ICS-LEVEL match (ICS:91.100.23) applying to pressed ceramic and vitrified tiles SYN IS 90601.,SYNTHETIC
CERT-010,IS:SYN IS 90801,BIS_Product_Certification,Cement (Quality Control) Order 2020,2020-05-01,https://synth.bis.gov.in/qco/cement-opc-2020,2026-09-12,Mandatory ISI certification for all grades of Ordinary Portland Cement (OPC 43 & 53).,SYNTHETIC
