is_id,part,year,title,scope_text,ics_code,sector,status,superseded_by,latest_amendment_no,amendment_year,source_url,data_provenance,family
SYN IS 90101,Part 1,2018,Mild Steel Tubes Tubulars and Other Wrought Steel Fittings - Specification,"This standard covers requirements for welded and seamless mild steel tubes and galvanized iron (GI) pipes nominal bore 6 mm to 150 mm in light, medium and heavy grades for potable water distribution, gas and low-pressure steam. यह मानक पेयजल आपूर्ति और गैस पाइपलाइन के लिए माइल्ड स्टील और जीआई (GI) पाइप (हल्का, मध्यम और भारी ग्रेड) की आवश्यकताओं को निर्धारित करता है।",23.040.10,Metallurgy & Civil Water Supply,current,,2,2022,https://synth.bis.gov.in/standards/SYN-IS-90101,SYNTHETIC,FAM_STEEL_PIPE
SYN IS 90151,Part 1,1990,Mild Steel Tubes and Wrought Fittings (First Revision),"Historical specification for mild steel tubes for water and structural plumbing prior to 2004 revision. यह पुराना मानक स्टील पाइप के लिए था।",23.040.10,Metallurgy & Civil Water Supply,superseded,SYN IS 90152,1,1996,https://synth.bis.gov.in/standards/SYN-IS-90151,SYNTHETIC,FAM_STEEL_PIPE
SYN IS 90152,Part 1,2004,Mild Steel Tubes Tubulars and Wrought Steel Fittings (Second Revision),"Interim specification for welded and seamless mild steel tubes nominal size 15 mm to 150 mm superseded in 2018. यह मानक 2018 के संशोधन द्वारा प्रतिस्थापित किया गया है।",23.040.10,Metallurgy & Civil Water Supply,superseded,SYN IS 90101,3,2012,https://synth.bis.gov.in/standards/SYN-IS-90152,SYNTHETIC,FAM_STEEL_PIPE
SYN IS 90102,,2020,Unplasticized Polyvinyl Chloride (uPVC) Pipes for Potable Water Supplies - Specification,"Specifies requirements for plain and socketed unplasticized PVC (uPVC) pipes of nominal outside diameter 16 mm to 630 mm and pressure classes PN 4, PN 6, PN 10 and PN 16 for cold potable water supply and agriculture irrigation. यह मानक ठंडे पेयजल और कृषि सिंचाई के लिए यूपीवीसी (uPVC) पाइप के दबाव वर्ग और आयाम निर्धारित करता है।",23.040.20,Plastics & Water Supply,current,,1,2023,https://synth.bis.gov.in/standards/SYN-IS-90102,SYNTHETIC,FAM_UPVC_PIPE
SYN IS 90103,,2021,High Density Polyethylene (HDPE) Pipes for Potable Water Supply and Underground Drainage,"Covers polyethylene pipes in material grades PE 63, PE 80 and PE 100 of diameter 20 mm to 1000 mm for buried water mains, municipal distribution and pressure sewerage systems. यह मानक भूमिगत जल आपूर्ति और सीवरेज के लिए एचडीपीई (HDPE) PE 80 और PE 100 पाइप को कवर करता है।",23.040.20,Plastics & Water Supply,current,,1,2024,https://synth.bis.gov.in/standards/SYN-IS-90103,SYNTHETIC,FAM_HDPE_PIPE
SYN IS 90104,,2019,Centrifugally Cast (Spun) Ductile Iron Pressure Pipes for Water Gas and Sewage,"Specifies requirements for ductile iron (DI) pipes nominal diameter DN 80 to DN 2000 in thickness classes K7 and K9 with socket and spigot joints for high-pressure municipal water transmission mains. यह मानक उच्च दबाव वाली नगरपालिका जल पाइपलाइन के लिए डक्टाइल आयरन (DI) K7 और K9 पाइप निर्धारित करता है।",23.040.10,Metallurgy & Civil Water Supply,current,,2,2023,https://synth.bis.gov.in/standards/SYN-IS-90104,SYNTHETIC,FAM_DI_PIPE
SYN IS 90201,Part 1,2019,Electrical Accessories - Circuit Breakers for Overcurrent Protection for Household and Similar Installations - Part 1 AC Operation,"Applies to air-break miniature circuit breakers (MCB) for AC operation at 50 Hz up to 440 V, rated current up to 125 A and tripping curves B, C and D for building distribution boards. घरेलू और वाणिज्यिक विद्युत वितरण बोर्डों के लिए एसी मिनिएचर सर्किट ब्रेकर (MCB) के सुरक्षा और प्रदर्शन मानक।",29.120.50,Electrotechnical,current,,1,2022,https://synth.bis.gov.in/standards/SYN-IS-90201-1,SYNTHETIC,FAM_MCB
SYN IS 90201,Part 2,2020,Electrical Accessories - Circuit Breakers for Overcurrent Protection - Part 2 AC and DC Operation,"Covers miniature circuit breakers (MCB) suitable for both alternating current (AC) and direct current (DC) photovoltaic, battery and traction auxiliary installations up to 1000 V DC. एसी और डीसी सौर एवं बैटरी अनुप्रयोगों के लिए एमसीबी (MCB) आवश्यकताएं।",29.120.50,Electrotechnical,current,,0,,https://synth.bis.gov.in/standards/SYN-IS-90201-2,SYNTHETIC,FAM_MCB
SYN IS 90301,Part 1,2020,Self-Ballasted LED Lamps for General Lighting Services - Part 1 Safety Requirements,"Specifies safety and interchangeability requirements for tubular and bulb-type self-ballasted LED lamps with integrated driver operating on 240 V AC 50 Hz supplies. सामान्य प्रकाश व्यवस्था के लिए सेल्फ-बैलेस्टेड एलईडी (LED) लैंप की विद्युत और तापीय सुरक्षा आवश्यकताएं।",29.140.99,Electrotechnical & Lighting,current,,2,2023,https://synth.bis.gov.in/standards/SYN-IS-90301-1,SYNTHETIC,FAM_LED
SYN IS 90301,Part 2,2021,Self-Ballasted LED Lamps for General Lighting Services - Part 2 Performance Requirements,"Specifies luminous efficacy, colour rendering index (CRI >= 80), power factor (>= 0.90), lumen maintenance and endurance test criteria for LED lamps and street light luminaires. एलईडी लैंप और स्ट्रीट लाइट के लिए ल्यूमेन दक्षता, पावर फैक्टर और प्रदर्शन परीक्षण।",29.140.99,Electrotechnical & Lighting,current,,1,2024,https://synth.bis.gov.in/standards/SYN-IS-90301-2,SYNTHETIC,FAM_LED
SYN IS 90401,,2019,Concrete Masonry Units - Hollow and Solid Load-Bearing Concrete Blocks,"Covers dimensions, bulk density, minimum block compressive strength (grades C(3.5), C(5.0), C(7.0)) and drying shrinkage for precast solid and hollow concrete blocks used in building construction. भवन निर्माण में प्रयुक्त ठोस और खोखले कंक्रीट ब्लॉक की संपीड़न शक्ति और आयाम।",91.100.30,Civil Engineering & Building Materials,current,,1,2021,https://synth.bis.gov.in/standards/SYN-IS-90401,SYNTHETIC,FAM_MASONRY
SYN IS 90402,,2017,Common Burnt Clay Building Bricks - Specification,"Specifies dimensions (modular 190 x 90 x 90 mm), water absorption (max 20 percent), efflorescence and compressive strength classes 3.5 to 35 MPa for common burnt clay bricks in masonry walls. चिनाई कार्य के लिए पकी हुई मिट्टी की ईंटों के आकार, जल अवशोषण और मजबूती के मानक।",91.100.25,Civil Engineering & Building Materials,current,,0,,https://synth.bis.gov.in/standards/SYN-IS-90402,SYNTHETIC,FAM_MASONRY
SYN IS 90501,,2020,Synthetic Enamel Paint for Exterior and Interior Structural Surfaces,"Covers alkyd-based high-gloss synthetic enamel finishing paint for steel structures, bridges, machinery and woodwork with VOC limits, drying time and salt-spray resistance. लोहे और लकड़ी की सतहों पर बाहरी और आंतरिक उपयोग के लिए सिंथेटिक इनेमल पेंट।",87.040,Chemicals & Paints,current,,1,2022,https://synth.bis.gov.in/standards/SYN-IS-90501,SYNTHETIC,FAM_PAINT
SYN IS 90601,,2021,Pressed Ceramic Tiles for Floor and Wall Finishing - Specification,"Specifies dimensional tolerances, modulus of rupture, abrasion resistance, slip resistance and water absorption groups (BIa vitrified, BIIa, BIII) for glazed and unglazed ceramic and vitrified floor and wall tiles. फर्श और दीवार के लिए सिरेमिक तथा विट्रिफाइड टाइल्स के जल अवशोषण और टूटने की क्षमता के मानक।",91.100.23,Civil Engineering & Building Materials,current,,1,2023,https://synth.bis.gov.in/standards/SYN-IS-90601,SYNTHETIC,FAM_TILES
SYN IS 90701,,2018,Methods of Hydrostatic Pressure and Leak Testing of Metallic and Polymeric Pipes,"Standard test procedure for internal hydrostatic proof pressure, burst pressure and longitudinal reversion tests on steel, GI, uPVC, HDPE and ductile iron pipes. धातु और प्लास्टिक पाइपों के हाइड्रोस्टेटिक दबाव और रिसाव परीक्षण की मानक विधि।",23.040.01,Testing & Metrology,current,,0,,https://synth.bis.gov.in/standards/SYN-IS-90701,SYNTHETIC,FAM_PIPE_TESTS
SYN IS 90702,,2019,Method for Determination of Mass and Uniformity of Zinc Coating on Galvanized Steel Articles,"Specifies gravimetric stripping test and Preece copper sulphate dip test for determining zinc coating weight (g/m2) on galvanized iron tubes, sheets and fasteners. गैल्वनाइज्ड स्टील पाइप और शीट पर जिंक कोटिंग के वजन और समानता की जांच विधि।",25.220.40,Metallurgy & Surface Coating,current,,0,,https://synth.bis.gov.in/standards/SYN-IS-90702,SYNTHETIC,FAM_PIPE_TESTS
SYN IS 90703,,2017,Glossary of Terms Relating to Water Supply Plumbing Pipes and Valves,"Defines standard engineering terminology and symbols for nominal bore (NB), nominal diameter (DN), pressure rating (PN), socket joints, fittings and pipeline appurtenances. जल आपूर्ति पाइपलाइन, वाल्व और फिटिंग से संबंधित मानक तकनीकी शब्दावली।",01.040.23,Terminology & General Standards,current,,0,,https://synth.bis.gov.in/standards/SYN-IS-90703,SYNTHETIC,FAM_PIPE_TERMS
SYN IS 90704,,2020,Code of Practice for Laying Jointing and Field Testing of Water Supply Pipelines,"Provides engineering guidelines for trench excavation, bedding, jointing, anchorage thrust blocks, disinfection and field hydrostatic testing of GI, uPVC, HDPE and DI water mains. जल आपूर्ति पाइपलाइन बिछाने, जोड़ने और फील्ड टेस्टिंग की संहिता।",93.025,Civil Engineering & Water Supply,current,,1,2022,https://synth.bis.gov.in/standards/SYN-IS-90704,SYNTHETIC,FAM_PIPE_INSTALL
SYN IS 90705,,2021,Code of Practice for Electrical Wiring Installations and Overcurrent Protection in Buildings,"Covers selection, coordination, earthing and installation of miniature circuit breakers (MCBs), distribution boards and wiring cables in residential and public buildings. भवनों में विद्युत वायरिंग, अर्थिंग और एमसीबी (MCB) लगाने की मानक संहिता।",91.140.50,Electrotechnical,current,,0,,https://synth.bis.gov.in/standards/SYN-IS-90705,SYNTHETIC,FAM_ELEC_INSTALL
SYN IS 90706,,2020,Methods of Photometric and Electrical Measurement for LED Light Sources and Luminaires,"Specifies integrating sphere and goniophotometer test methods for measuring luminous flux, luminous efficacy (lm/W), CCT, CRI and harmonic current emissions of LED lamps. एलईडी लैंप के फोटोमेट्रिक ल्यूमेन, सीआरआई और विद्युत मापन की परीक्षण विधि।",29.140.99,Electrotechnical & Lighting,current,,0,,https://synth.bis.gov.in/standards/SYN-IS-90706,SYNTHETIC,FAM_LED_TESTS
SYN IS 90707,,2018,Methods of Test for Precast Concrete Blocks and Burnt Clay Masonry Units,"Covers test procedures for determination of compressive strength, block density, water absorption and efflorescence of concrete blocks and clay building bricks. कंक्रीट ब्लॉक और मिट्टी की ईंटों की संपीड़न शक्ति एवं जल अवशोषण परीक्षण विधि।",91.100.30,Civil Engineering & Building Materials,current,,0,,https://synth.bis.gov.in/standards/SYN-IS-90707,SYNTHETIC,FAM_MASONRY_TESTS
SYN IS 90801,,2022,Ordinary Portland Cement (OPC) 43 Grade and 53 Grade - Specification,"Specifies chemical and physical requirements including setting time, soundness, fineness and 28-day compressive strength for Ordinary Portland Cement (OPC 43 and OPC 53) used in RCC and civil works. आरसीसी और सिविल निर्माण कार्यों के लिए ओपीसी 43 और 53 ग्रेड सीमेंट के मानक।",91.100.10,Civil Engineering & Building Materials,current,,1,2024,https://synth.bis.gov.in/standards/SYN-IS-90801,SYNTHETIC,FAM_CEMENT
SYN IS 90991,,2001,Legacy Bitumen Felt for Waterproofing and Damp-Proofing (Type A),"Legacy waterproofing felt specification containing a planted circular supersession reference for cycle-detection testing. वॉटरप्रूफिंग फेल्ट का पुराना मानक (साइकिल टेस्ट केस)।",91.100.50,Civil Engineering & Building Materials,superseded,SYN IS 90992,0,,https://synth.bis.gov.in/standards/SYN-IS-90991,SYNTHETIC,FAM_CYCLE_TEST
SYN IS 90992,,2005,Modified Bituminous Membrane for Damp-Proofing (Type B),"Counterpart specification in planted supersession cycle (90991 <-> 90992) to verify cycle detection and hop-limit safety. साइकिल डिटेक्शन परीक्षण मानक।",91.100.50,Civil Engineering & Building Materials,superseded,SYN IS 90991,0,,https://synth.bis.gov.in/standards/SYN-IS-90992,SYNTHETIC,FAM_CYCLE_TEST
SYN IS 90998,,1985,Asbestos Cement Pressure Pipes for Water and Sewerage (Withdrawn),"Historical specification for asbestos cement pressure pipes withdrawn due to occupational health and chrysotile safety regulations without a direct asbestos successor. स्वास्थ्य और सुरक्षा कारणों से बिना किसी उत्तराधिकारी के वापस लिया गया एस्बेस्टस सीमेंट पाइप मानक।",23.040.50,Civil Engineering & Building Materials,withdrawn,,0,,https://synth.bis.gov.in/standards/SYN-IS-90998,SYNTHETIC,FAM_WITHDRAWN_TEST
