qid,query_text,language,query_type,gold_primary_is,gold_allied_is,expect_abstain,annotator_a,annotator_b,split,data_provenance,family,notes
Q001,"Supply of 50 mm nominal bore Medium grade galvanized iron (GI) mild steel tubes for municipal potable water supply",en,clean,SYN IS 90101,SYN IS 90701;SYN IS 90702;SYN IS 90703;SYN IS 90704,false,SYN IS 90101,SYN IS 90101,test,SYNTHETIC,FAM_STEEL_PIPE,Clean English query for GI mild steel water tubes
Q002,"Jal aapurti ke liye 100 mm medium grade GI lohe ka pipe aur fitting chahiye",hinglish,clean,SYN IS 90101,SYN IS 90701;SYN IS 90702;SYN IS 90703;SYN IS 90704,false,SYN IS 90101,SYN IS 90101,test,SYNTHETIC,FAM_STEEL_PIPE,Hinglish query with glossary terms lohe ka pipe and jal aapurti
Q003,"पेयजल आपूर्ति के लिए 80 मिमी मध्यम ग्रेड गैल्वनाइज्ड आयरन (GI) माइल्ड स्टील पाइप",hi,clean,SYN IS 90101,SYN IS 90701;SYN IS 90702;SYN IS 90703;SYN IS 90704,false,SYN IS 90101,SYN IS 90101,val,SYNTHETIC,FAM_STEEL_PIPE,Devanagari Hindi query for GI mild steel pipe
Q004,"Providing and laying 110 mm outer diameter PN 10 uPVC pipes for cold potable water distribution",en,tender_line,SYN IS 90102,SYN IS 90701;SYN IS 90703;SYN IS 90704,false,SYN IS 90102,SYN IS 90102,test,SYNTHETIC,FAM_UPVC_PIPE,Clean tender line for uPVC water pipes
Q005,"Kheti sinchai aur peene ke paani ke liye 90mm PN6 uPVC plastic pipe",hinglish,messy,SYN IS 90102,SYN IS 90701;SYN IS 90703;SYN IS 90704,false,SYN IS 90102,SYN IS 90102,train,SYNTHETIC,FAM_UPVC_PIPE,Messy Hinglish query for uPVC pipe
Q006,"Supply of 200 mm PE 100 HDPE black pipes for underground municipal water mains and pressure sewerage",en,clean,SYN IS 90103,SYN IS 90701;SYN IS 90703;SYN IS 90704,false,SYN IS 90103,SYN IS 90103,test,SYNTHETIC,FAM_HDPE_PIPE,HDPE PE 100 water supply query
Q007,"भूमिगत जल आपूर्ति और सीवरेज के लिए 160 मिमी PE 80 एचडीपीई (HDPE) पाइप",hi,clean,SYN IS 90103,SYN IS 90701;SYN IS 90703;SYN IS 90704,false,SYN IS 90103,SYN IS 90103,train,SYNTHETIC,FAM_HDPE_PIPE,Hindi query for HDPE PE 80 pipe
Q008,"Supply and stacking of DN 300 Class K9 centrifugally cast ductile iron (DI) pressure pipes with socket and spigot joints",en,tender_line,SYN IS 90104,SYN IS 90701;SYN IS 90703;SYN IS 90704,false,SYN IS 90104,SYN IS 90104,test,SYNTHETIC,FAM_DI_PIPE,Ductile iron K9 tender line
Q009,"32A C-curve 240V AC miniature circuit breaker (MCB) for household distribution board overcurrent protection",en,clean,SYN IS 90201,SYN IS 90705;SYN IS 90301,false,SYN IS 90201,SYN IS 90201,test,SYNTHETIC,FAM_MCB,Multi-part MCB AC query
Q010,"Solar PV battery bank ke liye 63A DC/AC miniature circuit breaker MCB switch",hinglish,messy,SYN IS 90201,SYN IS 90705,false,SYN IS 90201,SYN IS 90201,val,SYNTHETIC,FAM_MCB,Multi-part MCB DC/AC Hinglish query
Q011,"Supply of 12W self-ballasted LED bulbs 240V 50Hz CRI >= 80 with power factor 0.90 for office lighting",en,clean,SYN IS 90301,SYN IS 90706;SYN IS 90705,false,SYN IS 90301,SYN IS 90301,test,SYNTHETIC,FAM_LED,Multi-part LED safety + performance query
Q012,"सरकारी स्कूल भवन के लिए 15W सेल्फ-बैलेस्टेड एलईडी (LED) बल्ब और लैंप सुरक्षा व प्रदर्शन सहित",hi,clean,SYN IS 90301,SYN IS 90706;SYN IS 90705,false,SYN IS 90301,SYN IS 90301,train,SYNTHETIC,FAM_LED,Hindi LED query
Q013,"Precast load-bearing hollow concrete masonry blocks 400x200x200 mm grade C(5.0) for building walls",en,clean,SYN IS 90401,SYN IS 90707;SYN IS 90801,false,SYN IS 90401,SYN IS 90401,test,SYNTHETIC,FAM_MASONRY,Concrete blocks query (tests missing certification rule edge case)
Q014,"Deewar chinai ke liye class 10 modular pakki mitti ki lal eent (burnt clay building bricks)",hinglish,clean,SYN IS 90402,SYN IS 90707,false,SYN IS 90402,SYN IS 90402,test,SYNTHETIC,FAM_MASONRY,Clay bricks Hinglish query (tests explicit None certification edge case)
Q015,"High-gloss synthetic enamel finishing paint for exterior steel bridge girders and structural steelwork",en,tender_line,SYN IS 90501,,false,SYN IS 90501,SYN IS 90501,test,SYNTHETIC,FAM_PAINT,Enamel paint query (tests future-dated certification rule + orphan ref)
Q016,"Supply of 600x600 mm vitrified Group BIa pressed ceramic floor tiles for hospital corridors",en,clean,SYN IS 90601,,false,SYN IS 90601,SYN IS 90601,test,SYNTHETIC,FAM_TILES,Ceramic tiles query (tests ICS-level certification match + orphan ref)
Q017,"Supply of 500 bags of Ordinary Portland Cement OPC 53 grade for RCC bridge pier construction",en,clean,SYN IS 90801,,false,SYN IS 90801,SYN IS 90801,val,SYNTHETIC,FAM_CEMENT,OPC 53 cement query
Q018,"MS tubes for water line conforming to old standard SYN IS 90151:1990",en,tender_line,SYN IS 90101,SYN IS 90701;SYN IS 90702;SYN IS 90703;SYN IS 90704,false,SYN IS 90101,SYN IS 90101,test,SYNTHETIC,FAM_STEEL_PIPE,Planted two-hop supersession query (90151 -> 90152 -> 90101)
Q019,"Asbestos cement pressure pipes as per SYN IS 90998 for rural water supply",en,tender_line,SYN IS 90998,,false,SYN IS 90998,SYN IS 90998,test,SYNTHETIC,FAM_WITHDRAWN_TEST,Planted withdrawn-without-successor query
Q020,"Quantum photonic teleportation hyperdrive flux capacitor module for interstellar spacecraft",en,adversarial,,,true,ABSTAIN,ABSTAIN,test,SYNTHETIC,FAM_ADVERSARIAL,Adversarial out-of-domain query that must trigger LOW confidence abstention
Q021,"5G satellite crypto blockchain neural implant catheter with SYN IS 99999 certification",en,adversarial,,,true,ABSTAIN,ABSTAIN,test,SYNTHETIC,FAM_ADVERSARIAL,Adversarial query citing fake ID SYN IS 99999 that must be blocked and abstained
Q022,"Pipes for water",en,messy,SYN IS 90101;SYN IS 90102;SYN IS 90103;SYN IS 90104,SYN IS 90701;SYN IS 90703;SYN IS 90704,false,SYN IS 90101,SYN IS 90102,val,SYNTHETIC,FAM_AMBIGUOUS_PIPE,Planted ambiguous query that must trigger M4 Ask-Before-Guess clarifying question
